id,titulo,portada,tags,cuerpo,fecha
1,syndicate interactive action-items,http://dummyimage.com/218x100.png/ff4444/ffffff,"[{},{}]","Donec quis orci eget orci vehicula condimentum. Curabitur in libero ut massa volutpat convallis. Morbi odio odio, elementum eu, interdum eu, tincidunt in, leo. Maecenas pulvinar lobortis est. Phasellus sit amet erat. Nulla tempus. Vivamus in felis eu sapien cursus vestibulum. Proin eu mi. Nulla ac enim.",9/6/2022
2,optimize seamless platforms,http://dummyimage.com/242x100.png/cc0000/ffffff,[{}],"Pellentesque viverra pede ac diam. Cras pellentesque volutpat dui. Maecenas tristique, est et tempus semper, est quam pharetra magna, ac consequat metus sapien ut nunc. Vestibulum ante ipsum primis in faucibus orci luctus et ultrices posuere cubilia Curae; Mauris viverra diam vitae quam. Suspendisse potenti. Nullam porttitor lacus at turpis.",9/9/2022
3,expedite scalable action-items,http://dummyimage.com/221x100.png/5fa2dd/ffffff,"[{},{}]","Quisque id justo sit amet sapien dignissim vestibulum. Vestibulum ante ipsum primis in faucibus orci luctus et ultrices posuere cubilia Curae; Nulla dapibus dolor vel est. Donec odio justo, sollicitudin ut, suscipit a, feugiat et, eros. Vestibulum ac est lacinia nisi venenatis tristique. Fusce congue, diam id ornare imperdiet, sapien urna pretium nisl, ut volutpat sapien arcu sed augue. Aliquam erat volutpat. In congue. Etiam justo.",12/5/2022
4,synthesize visionary models,http://dummyimage.com/109x100.png/ff4444/ffffff,"[{},{},{}]","Proin risus. Praesent lectus. Vestibulum quam sapien, varius ut, blandit non, interdum in, ante. Vestibulum ante ipsum primis in faucibus orci luctus et ultrices posuere cubilia Curae; Duis faucibus accumsan odio. Curabitur convallis. Duis consequat dui nec nisi volutpat eleifend.",2/27/2023
5,engineer innovative infrastructures,http://dummyimage.com/208x100.png/cc0000/ffffff,"[{},{}]","Curabitur convallis. Duis consequat dui nec nisi volutpat eleifend. Donec ut dolor. Morbi vel lectus in quam fringilla rhoncus. Mauris enim leo, rhoncus sed, vestibulum sit amet, cursus id, turpis. Integer aliquet, massa id lobortis convallis, tortor risus dapibus augue, vel accumsan tellus nisi eu orci.",3/3/2023
6,reintermediate user-centric partnerships,http://dummyimage.com/215x100.png/dddddd/000000,"[{},{},{}]","Phasellus sit amet erat. Nulla tempus. Vivamus in felis eu sapien cursus vestibulum. Proin eu mi. Nulla ac enim. In tempor, turpis nec euismod scelerisque, quam turpis adipiscing lorem, vitae mattis nibh ligula nec sem.",2/4/2023
7,e-enable sticky users,http://dummyimage.com/152x100.png/ff4444/ffffff,"[{},{},{}]","Phasellus sit amet erat. Nulla tempus. Vivamus in felis eu sapien cursus vestibulum. Proin eu mi. Nulla ac enim. In tempor, turpis nec euismod scelerisque, quam turpis adipiscing lorem, vitae mattis nibh ligula nec sem. Duis aliquam convallis nunc. Proin at turpis a pede posuere nonummy.",7/4/2022
8,mesh integrated methodologies,http://dummyimage.com/118x100.png/dddddd/000000,[{}],Nulla justo. Aliquam quis turpis eget elit sodales scelerisque. Mauris sit amet eros. Suspendisse accumsan tortor quis turpis. Sed ante. Vivamus tortor. Duis mattis egestas metus. Aenean fermentum. Donec ut mauris eget massa tempor convallis.,6/11/2022
9,strategize rich solutions,http://dummyimage.com/129x100.png/cc0000/ffffff,"[{},{},{}]","Praesent blandit lacinia erat. Vestibulum sed magna at nunc commodo placerat. Praesent blandit. Nam nulla. Integer pede justo, lacinia eget, tincidunt eget, tempus vel, pede.",8/7/2022
10,transform dynamic convergence,http://dummyimage.com/103x100.png/dddddd/000000,"[{},{}]","Suspendisse ornare consequat lectus. In est risus, auctor sed, tristique in, tempus sit amet, sem. Fusce consequat. Nulla nisl. Nunc nisl. Duis bibendum, felis sed interdum venenatis, turpis enim blandit mi, in porttitor pede justo eu massa.",2/14/2023
11,engage back-end vortals,http://dummyimage.com/210x100.png/cc0000/ffffff,"[{},{},{}]",Proin eu mi. Nulla ac enim.,1/18/2023
12,whiteboard bleeding-edge schemas,http://dummyimage.com/116x100.png/cc0000/ffffff,"[{},{}]","In est risus, auctor sed, tristique in, tempus sit amet, sem.",2/27/2023
13,optimize mission-critical markets,http://dummyimage.com/220x100.png/ff4444/ffffff,"[{},{},{}]",Integer ac neque. Duis bibendum. Morbi non quam nec dui luctus rutrum.,12/30/2022
14,drive efficient e-business,http://dummyimage.com/144x100.png/dddddd/000000,[{}],"Aliquam augue quam, sollicitudin vitae, consectetuer eget, rutrum at, lorem. Integer tincidunt ante vel ipsum. Praesent blandit lacinia erat. Vestibulum sed magna at nunc commodo placerat. Praesent blandit.",10/2/2022
15,visualize impactful web services,http://dummyimage.com/138x100.png/5fa2dd/ffffff,"[{},{}]","Pellentesque ultrices mattis odio. Donec vitae nisi. Nam ultrices, libero non mattis pulvinar, nulla pede ullamcorper augue, a suscipit nulla elit ac nulla. Sed vel enim sit amet nunc viverra dapibus. Nulla suscipit ligula in lacus. Curabitur at ipsum ac tellus semper interdum.",1/9/2023
16,deploy wireless synergies,http://dummyimage.com/133x100.png/cc0000/ffffff,"[{},{},{}]","Quisque porta volutpat erat. Quisque erat eros, viverra eget, congue eget, semper rutrum, nulla. Nunc purus. Phasellus in felis.",5/19/2023
17,integrate cross-platform communities,http://dummyimage.com/180x100.png/ff4444/ffffff,[{}],Etiam justo. Etiam pretium iaculis justo. In hac habitasse platea dictumst. Etiam faucibus cursus urna.,7/18/2022
18,evolve compelling paradigms,http://dummyimage.com/217x100.png/ff4444/ffffff,"[{},{}]","Cum sociis natoque penatibus et magnis dis parturient montes, nascetur ridiculus mus. Vivamus vestibulum sagittis sapien. Cum sociis natoque penatibus et magnis dis parturient montes, nascetur ridiculus mus. Etiam vel augue. Vestibulum rutrum rutrum neque. Aenean auctor gravida sem. Praesent id massa id nisl venenatis lacinia. Aenean sit amet justo. Morbi ut odio.",3/1/2023
19,orchestrate holistic e-business,http://dummyimage.com/166x100.png/cc0000/ffffff,"[{},{},{}]",Nulla facilisi. Cras non velit nec nisi vulputate nonummy. Maecenas tincidunt lacus at velit. Vivamus vel nulla eget eros elementum pellentesque.,8/8/2022
20,leverage revolutionary metrics,http://dummyimage.com/103x100.png/dddddd/000000,"[{},{},{}]",Suspendisse accumsan tortor quis turpis.,12/9/2022
21,enable transparent platforms,http://dummyimage.com/224x100.png/dddddd/000000,[{}],"Morbi non quam nec dui luctus rutrum. Nulla tellus. In sagittis dui vel nisl. Duis ac nibh. Fusce lacus purus, aliquet at, feugiat non, pretium quis, lectus. Suspendisse potenti. In eleifend quam a odio. In hac habitasse platea dictumst. Maecenas ut massa quis augue luctus tincidunt.",6/23/2022
22,incentivize one-to-one systems,http://dummyimage.com/242x100.png/cc0000/ffffff,"[{},{},{}]","Vestibulum quam sapien, varius ut, blandit non, interdum in, ante. Vestibulum ante ipsum primis in faucibus orci luctus et ultrices posuere cubilia Curae; Duis faucibus accumsan odio. Curabitur convallis.",12/28/2022
23,e-enable transparent content,http://dummyimage.com/240x100.png/5fa2dd/ffffff,"[{},{}]","Proin interdum mauris non ligula pellentesque ultrices. Phasellus id sapien in sapien iaculis congue. Vivamus metus arcu, adipiscing molestie, hendrerit at, vulputate vitae, nisl. Aenean lectus. Pellentesque eget nunc. Donec quis orci eget orci vehicula condimentum.",11/2/2022
24,morph clicks-and-mortar supply-chains,http://dummyimage.com/234x100.png/5fa2dd/ffffff,[{}],"Quisque erat eros, viverra eget, congue eget, semper rutrum, nulla. Nunc purus. Phasellus in felis. Donec semper sapien a libero. Nam dui. Proin leo odio, porttitor id, consequat in, consequat ut, nulla.",12/10/2022
25,incubate transparent web-readiness,http://dummyimage.com/172x100.png/ff4444/ffffff,[{}],"Quisque porta volutpat erat. Quisque erat eros, viverra eget, congue eget, semper rutrum, nulla. Nunc purus. Phasellus in felis. Donec semper sapien a libero.",11/6/2022
26,recontextualize impactful supply-chains,http://dummyimage.com/122x100.png/cc0000/ffffff,[{}],Ut tellus.,5/21/2023
27,engineer best-of-breed mindshare,http://dummyimage.com/136x100.png/5fa2dd/ffffff,"[{},{}]",Sed sagittis.,7/4/2022
28,target ubiquitous web services,http://dummyimage.com/163x100.png/5fa2dd/ffffff,"[{},{}]","Nunc nisl. Duis bibendum, felis sed interdum venenatis, turpis enim blandit mi, in porttitor pede justo eu massa. Donec dapibus. Duis at velit eu est congue elementum. In hac habitasse platea dictumst. Morbi vestibulum, velit id pretium iaculis, diam erat fermentum justo, nec condimentum neque sapien placerat ante. Nulla justo. Aliquam quis turpis eget elit sodales scelerisque.",9/5/2022
29,generate value-added infomediaries,http://dummyimage.com/192x100.png/dddddd/000000,[{}],"Praesent lectus. Vestibulum quam sapien, varius ut, blandit non, interdum in, ante. Vestibulum ante ipsum primis in faucibus orci luctus et ultrices posuere cubilia Curae; Duis faucibus accumsan odio. Curabitur convallis. Duis consequat dui nec nisi volutpat eleifend. Donec ut dolor. Morbi vel lectus in quam fringilla rhoncus. Mauris enim leo, rhoncus sed, vestibulum sit amet, cursus id, turpis. Integer aliquet, massa id lobortis convallis, tortor risus dapibus augue, vel accumsan tellus nisi eu orci. Mauris lacinia sapien quis libero.",10/30/2022
30,synergize interactive bandwidth,http://dummyimage.com/126x100.png/5fa2dd/ffffff,[{}],Maecenas ut massa quis augue luctus tincidunt. Nulla mollis molestie lorem. Quisque ut erat. Curabitur gravida nisi at nibh.,5/3/2023
31,transition B2C interfaces,http://dummyimage.com/181x100.png/cc0000/ffffff,"[{},{}]","Donec semper sapien a libero. Nam dui. Proin leo odio, porttitor id, consequat in, consequat ut, nulla.",5/3/2023
32,synthesize magnetic interfaces,http://dummyimage.com/239x100.png/dddddd/000000,"[{},{},{}]","Vivamus metus arcu, adipiscing molestie, hendrerit at, vulputate vitae, nisl. Aenean lectus. Pellentesque eget nunc. Donec quis orci eget orci vehicula condimentum. Curabitur in libero ut massa volutpat convallis. Morbi odio odio, elementum eu, interdum eu, tincidunt in, leo.",4/23/2023
33,strategize cutting-edge action-items,http://dummyimage.com/141x100.png/5fa2dd/ffffff,"[{},{}]","Donec ut mauris eget massa tempor convallis. Nulla neque libero, convallis eget, eleifend luctus, ultricies eu, nibh. Quisque id justo sit amet sapien dignissim vestibulum. Vestibulum ante ipsum primis in faucibus orci luctus et ultrices posuere cubilia Curae; Nulla dapibus dolor vel est. Donec odio justo, sollicitudin ut, suscipit a, feugiat et, eros. Vestibulum ac est lacinia nisi venenatis tristique. Fusce congue, diam id ornare imperdiet, sapien urna pretium nisl, ut volutpat sapien arcu sed augue.",4/3/2023
34,redefine e-business platforms,http://dummyimage.com/105x100.png/ff4444/ffffff,"[{},{}]",Nulla mollis molestie lorem. Quisque ut erat. Curabitur gravida nisi at nibh.,6/13/2022
35,architect viral paradigms,http://dummyimage.com/135x100.png/ff4444/ffffff,"[{},{},{}]","Phasellus in felis. Donec semper sapien a libero. Nam dui. Proin leo odio, porttitor id, consequat in, consequat ut, nulla. Sed accumsan felis.",2/21/2023
36,optimize out-of-the-box users,http://dummyimage.com/190x100.png/dddddd/000000,"[{},{},{}]","In est risus, auctor sed, tristique in, tempus sit amet, sem. Fusce consequat.",4/13/2023
37,target open-source action-items,http://dummyimage.com/109x100.png/dddddd/000000,"[{},{}]",Suspendisse potenti. In eleifend quam a odio. In hac habitasse platea dictumst. Maecenas ut massa quis augue luctus tincidunt.,1/23/2023
38,engineer user-centric convergence,http://dummyimage.com/197x100.png/5fa2dd/ffffff,"[{},{},{}]","Cras pellentesque volutpat dui. Maecenas tristique, est et tempus semper, est quam pharetra magna, ac consequat metus sapien ut nunc. Vestibulum ante ipsum primis in faucibus orci luctus et ultrices posuere cubilia Curae; Mauris viverra diam vitae quam. Suspendisse potenti. Nullam porttitor lacus at turpis. Donec posuere metus vitae ipsum. Aliquam non mauris. Morbi non lectus. Aliquam sit amet diam in magna bibendum imperdiet.",12/9/2022
39,innovate intuitive schemas,http://dummyimage.com/147x100.png/cc0000/ffffff,[{}],"Integer non velit. Donec diam neque, vestibulum eget, vulputate ut, ultrices vel, augue. Vestibulum ante ipsum primis in faucibus orci luctus et ultrices posuere cubilia Curae; Donec pharetra, magna vestibulum aliquet ultrices, erat tortor sollicitudin mi, sit amet lobortis sapien sapien non mi. Integer ac neque. Duis bibendum. Morbi non quam nec dui luctus rutrum. Nulla tellus.",9/18/2022
40,optimize sexy synergies,http://dummyimage.com/196x100.png/5fa2dd/ffffff,[{}],"Cras mi pede, malesuada in, imperdiet et, commodo vulputate, justo. In blandit ultrices enim.",4/2/2023
41,exploit global interfaces,http://dummyimage.com/211x100.png/dddddd/000000,"[{},{},{}]","Duis bibendum. Morbi non quam nec dui luctus rutrum. Nulla tellus. In sagittis dui vel nisl. Duis ac nibh. Fusce lacus purus, aliquet at, feugiat non, pretium quis, lectus. Suspendisse potenti.",10/2/2022
42,evolve end-to-end infomediaries,http://dummyimage.com/184x100.png/ff4444/ffffff,"[{},{},{}]","Quisque arcu libero, rutrum ac, lobortis vel, dapibus at, diam. Nam tristique tortor eu pede.",11/12/2022
43,harness cross-platform deliverables,http://dummyimage.com/224x100.png/dddddd/000000,[{}],"Cras non velit nec nisi vulputate nonummy. Maecenas tincidunt lacus at velit. Vivamus vel nulla eget eros elementum pellentesque. Quisque porta volutpat erat. Quisque erat eros, viverra eget, congue eget, semper rutrum, nulla. Nunc purus. Phasellus in felis. Donec semper sapien a libero. Nam dui. Proin leo odio, porttitor id, consequat in, consequat ut, nulla.",6/19/2022
44,evolve front-end networks,http://dummyimage.com/113x100.png/ff4444/ffffff,"[{},{}]","Maecenas leo odio, condimentum id, luctus nec, molestie sed, justo.",11/15/2022
45,monetize 24/365 e-markets,http://dummyimage.com/160x100.png/5fa2dd/ffffff,[{}],"Praesent blandit. Nam nulla. Integer pede justo, lacinia eget, tincidunt eget, tempus vel, pede. Morbi porttitor lorem id ligula. Suspendisse ornare consequat lectus. In est risus, auctor sed, tristique in, tempus sit amet, sem. Fusce consequat. Nulla nisl. Nunc nisl.",3/4/2023
46,evolve collaborative content,http://dummyimage.com/198x100.png/cc0000/ffffff,"[{},{}]","Proin eu mi. Nulla ac enim. In tempor, turpis nec euismod scelerisque, quam turpis adipiscing lorem, vitae mattis nibh ligula nec sem. Duis aliquam convallis nunc. Proin at turpis a pede posuere nonummy. Integer non velit. Donec diam neque, vestibulum eget, vulputate ut, ultrices vel, augue.",7/3/2022
47,enable ubiquitous infomediaries,http://dummyimage.com/122x100.png/5fa2dd/ffffff,[{}],"In est risus, auctor sed, tristique in, tempus sit amet, sem. Fusce consequat. Nulla nisl. Nunc nisl. Duis bibendum, felis sed interdum venenatis, turpis enim blandit mi, in porttitor pede justo eu massa. Donec dapibus. Duis at velit eu est congue elementum. In hac habitasse platea dictumst. Morbi vestibulum, velit id pretium iaculis, diam erat fermentum justo, nec condimentum neque sapien placerat ante. Nulla justo.",3/17/2023
48,exploit transparent supply-chains,http://dummyimage.com/151x100.png/cc0000/ffffff,[{}],"Nam congue, risus semper porta volutpat, quam pede lobortis ligula, sit amet eleifend pede libero quis orci. Nullam molestie nibh in lectus. Pellentesque at nulla. Suspendisse potenti.",6/30/2022
49,whiteboard granular technologies,http://dummyimage.com/138x100.png/5fa2dd/ffffff,"[{},{},{}]","Nunc purus. Phasellus in felis. Donec semper sapien a libero. Nam dui. Proin leo odio, porttitor id, consequat in, consequat ut, nulla.",9/19/2022
50,reinvent vertical vortals,http://dummyimage.com/236x100.png/cc0000/ffffff,"[{},{},{}]","Morbi non quam nec dui luctus rutrum. Nulla tellus. In sagittis dui vel nisl. Duis ac nibh. Fusce lacus purus, aliquet at, feugiat non, pretium quis, lectus. Suspendisse potenti.",1/7/2023
