id,nombre,apellido,dni,nacimiento,sexo
1,Calla,Antonsen,31419132,08-05-1976,Masculino
2,Odey,Gorke,32816871,28-12-2001,Femenino
3,Joy,Rowantree,34529527,12-05-2001,Masculino
4,Anetta,Favela,37868421,16-01-1984,Masculino
5,Rhea,Stripp,27362674,26-09-1998,Femenino
6,Iona,Dabourne,21349755,21-11-1996,Masculino
7,Junette,Nekrews,39568464,24-04-1971,Masculino
8,Elwyn,Bartoli,33102505,23-06-1981,Masculino
9,Ingmar,Fincken,28864378,13-04-1994,Masculino
10,Manda,Francklin,30753968,08-06-1984,Femenino
11,Kaleena,Thatcher,29149931,16-08-1977,Femenino
12,Camala,Order,39935755,14-04-1986,Masculino
13,Tracee,Beeze,39135106,22-08-1983,Femenino
14,Cody,Burnsides,21392788,22-11-2002,Femenino
15,Kaycee,Brettell,43195279,21-05-1977,Masculino
16,Aggie,Gentery,21713717,24-03-2001,Masculino
17,Heath,Armin,41081312,28-06-1996,Masculino
18,Shelley,Twinborne,36551509,23-10-2003,Masculino
19,Hagan,Yushachkov,40024519,16-05-1981,Masculino
20,Lurlene,Cadalleder,29563390,21-05-1973,Femenino
21,Phyllida,Groger,21369912,20-01-1971,Masculino
22,Toiboid,Grindrod,34313895,25-10-1973,Masculino
23,Cecile,Tennock,29553193,01-08-1979,Masculino
24,Emmalynn,Grigoletti,25706112,04-07-1979,Masculino
25,Lorelei,Ingre,29144047,25-04-1997,Masculino
26,Becka,Haberjam,30496456,14-12-1973,Femenino
27,Barbaraanne,Stygall,42485759,21-09-1991,Femenino
28,Sullivan,Boeck,26340039,16-04-2000,Femenino
29,Benedict,Gooley,38804091,27-03-1987,Femenino
30,Benn,Kigelman,32586003,13-01-1997,Femenino
31,Spike,Manntschke,28265811,15-10-1989,Masculino
32,Suzann,Piatek,21641046,28-07-1970,Femenino
33,Sterne,Whaley,25903351,03-02-1989,Femenino
34,Lib,Gravy,30228500,15-03-1981,Femenino
35,Phyllys,Sarfati,31386517,09-06-1989,Femenino
36,Hali,Drysdall,24788203,11-12-1972,Masculino
37,Marney,Rooze,24136099,24-11-1993,Masculino
38,Letitia,Heintzsch,34457372,05-02-1991,Femenino
39,Timothee,Coppock.,29544738,06-07-1981,Femenino
40,Morgen,Gutcher,36079988,02-12-1981,Femenino
41,Cherri,Jonas,27087661,20-12-1979,Femenino
42,Andre,Dyster,24940370,06-01-1997,Masculino
43,Alaric,Nutley,31341468,14-10-1995,Masculino
44,Rob,Tristram,27066025,26-12-2000,Masculino
45,Willette,Strother,24402141,03-09-1978,Masculino
46,Ariana,Izzatt,40993814,06-02-1978,Masculino
47,Forester,Chritchlow,26131568,14-06-1978,Femenino
48,Walliw,Snedden,21967790,08-08-1972,Masculino
49,Dasya,Iskower,41377073,09-06-1976,Femenino
50,Padriac,O'Kenny,23691072,27-04-2004,Masculino
